Aggregate (Gravel or Crushed Rock),qudt:Kilogram,0.083,0.12,0.01,0.5,0.0048,0.0052,,,Estimated from measured UK industrial fuel consumption data,
Aluminium,qudt:Kilogram,155,104.7,8,382.7,8.24,9.16,,,Assumed  ratio of 25.6% extrusions -  55.7% Rolled & 18.7% castings. Worldwide average recycled content of 33%.,
Virgin Aluminium,qudt:Kilogram,218,68.5,39.2,382.7,11.46,12.79,,,,
Recycled Aluminium,qudt:Kilogram,29,8.7,8,42.9,1.69,1.81,,,,
Cast Aluminium,qudt:Kilogram,159,,,,8.28,9.22,,,Worldwide average recycled content of 33%.,
Virgin Cast Aluminium,qudt:Kilogram,226,,,,11.7,13.1,,,,
Recycled Cast Aluminium,qudt:Kilogram,25,,,,1.35,1.45,,,,
Extruded Aluminium,qudt:Kilogram,154,,,,8.16,9.08,,,Worldwide average recycled content of 33%.,
Virgin Extruded Aluminium,qudt:Kilogram,214,,,,11.2,12.5,,,,
Recycled Extruded Aluminium,qudt:Kilogram,34,,,,1.98,2.12,,,,
Rolled Aluminium,qudt:Kilogram,155,,,,8.26,9.18,,,Worldwide average recycled content of 33%.,
Virgin Rolled Aluminium,qudt:Kilogram,217,,,,11.5,12.8,,,,
Recycled Rolled Aluminium,qudt:Kilogram,28,,,,1.67,1.79,,,,
Asphalt -  4% (bitumen) binder content (by mass),qudt:Kilogram,2.86,11.89,0.2,50.2,0.059,0.066,,,1.68 MJ/kg Feedstock Energy (Included). Modelled from the bitumen binder content. The fuel consumption of asphalt mixing operations was taken from the Mineral Products Association (MPA). It represents typical UK industrial data. Feedstock energy is from the bitumen content. ,
Asphalt -  5% binder content,qudt:Kilogram,3.39,,,,0.064,0.071,,,2.10 MJ/kg Feedstock Energy (Included). Comments from 4% mix also apply.,
Asphalt -  6% binder content,qudt:Kilogram,3.93,,,,0.068,0.076,,,2.52 MJ/kg Feedstock Energy (Included). Comments from 4% mix also apply.,
Asphalt -  7% binder content,qudt:Kilogram,4.46,,,,0.072,0.081,,,2.94 MJ/kg Feedstock Energy (Included). Comments from 4% mix also apply.,
Asphalt -  8% binder content,qudt:Kilogram,5,,,,0.076,0.086,,,3.36 MJ/kg Feedstock Energy (Included). Comments from 4% mix also apply.,
Bitumen,qudt:Kilogram,51,20.21,2.4,50,0.405,0.49,0.43,0.55,42 MJ/kg Feedstock Energy  (Included).  Feedstock assumed to be typical energy content of Bitumen. Carbon dioxide emissions are particularly difficult to estimate -  range given.,
Brass,qudt:Kilogram,44,71.87,16.81,239,2.46,2.64,,,Poor data availability. It is believed that the data may be largely dependent upon ore grade.  Poor carbon data -  making estimate of embodied carbon difficult.,
Virgin Brass,qudt:Kilogram,80,16.81,16.81,,4.47,4.8,,,,
Recycled Brass,qudt:Kilogram,20,20,20,,1.12,1.2,,,,
Common Brick,qudt:Kilogram,3,,,,0.23,0.24,,,,
Limestone ,qudt:Kilogram,0.85,,,,,,,,,
Bronze,qudt:Kilogram,69,10.37,62,76.67,3.73,4,,,Average of the only two references,
General Carpet,qudt:Kilogram,74,,,,3.9,,,,For per square meter estimates see material profile. Difficult to estimate -  taken from Reference.,94
General Carpet,qudt:Kilogram,90.98,62.07,3,390,,,,,,
General Carpet,qudt:SquareMeter,187,,,,9.8,,,,For per square meter estimates see material profile. Difficult to estimate -  taken from Reference.,94
Felt (Hair and Jute) Underlay Carpet,qudt:Kilogram,19,,,,0.97,,,,Ref. 94.,
Nylon (Polyamide) -  pile weight 300 g/m2 Carpet,qudt:SquareMeter,130,,,,,,,6.7,Total weight of this carpet 1 - 477 g/m2. These carpets (inc. below) are a tufted surface pile made of 100% nylon (polyamide) with a woven textile backing and flame proofed on the basis of aluminium hydroxide.,277-279
Nylon (Polyamide) -  pile weight 500 g/m2 Carpet,qudt:SquareMeter,180,,,,,,,9.7,Total weight of this carpet 1 - 837 g/m2. ,
Nylon (Polyamide) -  pile weight 700 g/m2 Carpet,qudt:SquareMeter,230,,,,,,,12.7,Total weight of this carpet 2 - 147 g/m2. ,
Nylon (Polyamide) -  pile weight 900 g/m2 Carpet,qudt:SquareMeter,277,,,,,,,15.6,Total weight of this carpet 2 - 427 g/m2. ,
Nylon (Polyamide) -  pile weight 1100 g/m2 Carpet,qudt:SquareMeter,327,,,,,,,18.4,Total weight of this carpet 2 - 677 g/m2. ,
Carpet tiles -  nylon (Polyamide) -  pile weight 300 g/m2,qudt:SquareMeter,178,,,,,,,7.75,Total weight of this carpet 4 - 123 g/m2. These carpet tiles are a tufted surface pile made of 100% nylon (polyamide) fleece-covered bitumen backing and flame-proofed on the basis of aluminium hydroxide,
Carpet tiles -  nylon (Polyamide) -  pile weight 500 g/m2,qudt:SquareMeter,229,,,,,,,10.7,Total weight of this carpet 4 - 373 g/m2.,
Carpet tiles -  nylon (Polyamide) -  pile weight 700 g/m2,qudt:SquareMeter,279,,,,,,,13.7,Total weight of this carpet 4 - 623 g/m2.,
Carpet tiles -  nylon (Polyamide) -  pile weight 900 g/m2,qudt:SquareMeter,328,,,,,,,16.7,Total weight of this carpet 4 - 873 g/m2.,
Carpet tiles -  nylon (Polyamide) -  pile weight 1100 g/m2,qudt:SquareMeter,378,,,,,,,19.7,Total weight of this carpet 5 - 123 g/m2. ,
Polyethylterepthalate (PET),qudt:SquareMeter,106.5,,,,5.56,,,,Includes feedstock energy,
Polypropylene,qudt:SquareMeter,95.4,,,,4.98,,,,Includes feedstock energy -  for per square meter see material profile,
Polyurethane,qudt:SquareMeter,72.1,,,,3.76,,,,Includes feedstock energy,
Rubber,qudt:SquareMeter,103.75,,67.5,140,5.55,,,,,
Saturated Felt Underlay (impregnated with Asphalt or tar),qudt:SquareMeter,31.7,,,,1.65,,,,,
Wool ,qudt:SquareMeter,106,,,,5.53,,,,For per square meter see material profile. ,
Cement (UK weighted average),qudt:Kilogram,4.5,2.7,0.1,14.2,0.73,0.74,,,Weighted average of all cement consumed within the UK. This includes all factory made cements (CEM I -  CEM II -  CEM III -  CEM IV) and further blending of fly ash and ground granulated blast furnace slag. This data has been estimated from the British Cement Association`s factsheets. 23% cementitious additions on average.,
Cement - Average CEM I Portland Cement -  94% Clinker,qudt:Kilogram,5.5,,,,0.93,0.95,,,This is a standard cement with no cementitious additions (i.e. fly ash or blast furnace slag). Composition 94% clinker -  5% gypsum -  1% minor additional constituents (mac`s). This data has been estimated from the British Cement Association`s factsheets.,
Cement - 6-20% Fly Ash (CEM II/A-V),qudt:Kilogram,4.9,,4.51,5.28,0.82,0.83,0.76,0.89,See material profile for further details.,
Cement - 21-35% Fly Ash (CEM II/B-V),qudt:Kilogram,4.07,,3.68,4.45,0.74 to 0.61,0.69,0.62,0.75,,
Cement - 21-35% GGBS (CEM II/B-S),qudt:Kilogram,4.49,,4.21,4.77,0.76 to 0.64,0.71,0.65,0.77,,
Cement - 36-65% GGBS (CEM III/A),qudt:Kilogram,3.59,,3,4.17,0.63 to 0.38,0.52,0.39,0.64,,
Cement - 66-80% GGBS (CEM II/B),qudt:Kilogram,2.68,,2.4,2.96,0.37 to 0.25,0.32,0.26,0.38,,
Fibre Cement Panels - Uncoated,qudt:Kilogram,10.4,,,,1.09,,,,Few data points. ,
Fibre Cement  Panels - (Colour) Coated,qudt:Kilogram,15.3,,,,1.28,,,,,
Mortar (1:3 cement:sand mix),qudt:Kilogram,1.33,0.91,0.1,3.49,0.208,0.221,,,Values estimated from the ICE Cement -  Mortar & Concrete Model,
Mortar (1:4),qudt:Kilogram,1.11,0.91,0.1,3.49,0.171,0.182,,,,
Mortar (1:5),qudt:Kilogram,0.97,0.91,0.1,3.49,0.146,0.156,,,,
Mortar (1:6),qudt:Kilogram,0.85,0.91,0.1,3.49,0.127,0.136,,,,
Mortar (1:1/2:9/2 Cement:Lime:Sand mix),qudt:Kilogram,1.34,0.91,0.1,3.49,0.2,0.213,,,,
Mortar (1:1:6 Cement:Lime:Sand mix),qudt:Kilogram,1.11,0.91,0.1,3.49,0.163,0.174,,,,
Mortar (1:2:9 Cement:Lime:Sand mix),qudt:Kilogram,1.03,0.91,0.1,3.49,0.145,0.155,,,,
Cement stabilised soil @ 5%,qudt:Kilogram,0.68,0.21,0.7,1,0.06,0.061,,,Assumed 5% cement content.,
Cement stabilised soil @ 8%,qudt:Kilogram,0.83,0.21,0.7,1,0.082,0.084,,,Assumed 8% stabiliser contents (6% cement and 2% quicklime),
Ceramics,qudt:Kilogram,10,8.04,2.5,29.07,0.66,0.7,,,Very large data range -  difficult to select values for general ceramics.  ,
Ceramic Fittings,qudt:Kilogram,20,,,,1.07,1.14,,,,
Ceramic Sanitary Products,qudt:Kilogram,29,,,,1.51,1.61,,,Limited data.,
Ceramic Tiles and Cladding Panels,qudt:Kilogram,12,,,,0.74,0.78,,,Difficult to select -  large range -  limited data. ,292
Clay (Simple Baked Products),qudt:Kilogram,3,4.12,0.02,32.4,0.23,0.24,,,General simple baked clay products (inc. terracotta and bricks),
Clay Tile,qudt:Kilogram,6.5,,,,0.45,0.48,,,,
Vitrified clay pipe DN 100 & DN 150,qudt:Kilogram,6.2,,,,0.44,0.46,,,,
Vitrified clay pipe DN 200 & DN 300,qudt:Kilogram,7,,,,0.48,0.5,,,,
Vitrified clay pipe DN 500,qudt:Kilogram,7.9,,,,0.52,0.55,,,,
Concrete,qudt:Kilogram,0.75,8.61,0.07,92.5,0.1,0.107,,,It is strongly recommended to avoid selecting a `general` value for concrete. Selecting data for a specific concrete type (often a ready mix concrete) will give greater accuracy -  please see material profile. Assumed cement content 12% by mass.,
Concrete 16/20 Mpa,qudt:Kilogram,0.7,,,,0.093,0.1,,,Using UK weighted average cement (more representative of `typical` concrete mixtures).,
Concrete 20/25 MPa,qudt:Kilogram,0.74,,,,0.1,0.107,,,Using UK weighted average cement (more representative of `typical` concrete mixtures).,
Concrete 25/30 MPa,qudt:Kilogram,0.78,,,,0.106,0.113,,,Using UK weighted average cement (more representative of `typical` concrete mixtures).,
Concrete 28/35 MPa,qudt:Kilogram,0.82,,,,0.112,0.12,,,Using UK weighted average cement (more representative of `typical` concrete mixtures).,
Concrete 32/40 MPa,qudt:Kilogram,0.88,,,,0.123,0.132,,,Using UK weighted average cement (more representative of `typical` concrete mixtures).,
Concrete 40/50 MPa,qudt:Kilogram,1,,,,0.141,0.151,,,Using UK weighted average cement (more representative of `typical` concrete mixtures).,
Cement - GEN 0 (6/8 MPa) (0% Fly Ash),qudt:Kilogram,0.55,,,,0.071,0.076,,,Compressive strength designation C6/8 Mpa.  28 day compressive strength under British cube method of 8 MPa -  under European cylinder method 6 MPa. Possible uses: Kerb bedding and backing. Data is only cradle to factory gate but beyond this the average delivery distance of ready mix concrete is 8.3 km by road.,
Cement - GEN 0 (6/8 MPa) (15% Fly Ash),qudt:Kilogram,0.52,,,,0.065,0.069,,,Compressive strength designation C6/8 Mpa.  28 day compressive strength under British cube method of 8 MPa -  under European cylinder method 6 MPa. Possible uses: Kerb bedding and backing. Data is only cradle to factory gate but beyond this the average delivery distance of ready mix concrete is 8.3 km by road.,
Cement - GEN 0 (6/8 MPa) (30% Fly Ash),qudt:Kilogram,0.47,,,,0.057,0.061,,,Compressive strength designation C6/8 Mpa.  28 day compressive strength under British cube method of 8 MPa -  under European cylinder method 6 MPa. Possible uses: Kerb bedding and backing. Data is only cradle to factory gate but beyond this the average delivery distance of ready mix concrete is 8.3 km by road.,
Cement - GEN 1 (8/10 MPa) (0% Fly Ash),qudt:Kilogram,0.7,,,,0.097,0.104,,,Possible uses: mass concrete -  mass fill -  mass foundations -  trench foundations -  blinding -  strip footing.,
Cement - GEN 1 (8/10 MPa) (15% Fly Ash),qudt:Kilogram,0.65,,,,0.088,0.094,,,Possible uses: mass concrete -  mass fill -  mass foundations -  trench foundations -  blinding -  strip footing.,
Cement - GEN 1 (8/10 MPa) (30% Fly Ash),qudt:Kilogram,0.59,,,,0.077,0.082,,,Possible uses: mass concrete -  mass fill -  mass foundations -  trench foundations -  blinding -  strip footing.,
Cement - GEN 2 (12/15 MPa) (0% Fly Ash),qudt:Kilogram,0.76,,,,0.106,0.114,,,,
Cement - GEN 2 (12/15 MPa) (15% Fly Ash),qudt:Kilogram,0.71,,,,0.098,0.105,,,,
Cement - GEN 2 (12/15 MPa) (30% Fly Ash),qudt:Kilogram,0.64,,,,0.087,0.093,,,,
Cement - GEN 3 (16/20 MPa) (0% Fly Ash),qudt:Kilogram,0.81,,,,0.115,0.123,,,Possible uses: garage floors.,
Cement - GEN 3 (16/20 MPa) (15% Fly Ash),qudt:Kilogram,0.75,,,,0.105,0.112,,,Possible uses: garage floors.,
Cement - GEN 3 (16/20 MPa) (30% Fly Ash),qudt:Kilogram,0.68,,,,0.093,0.1,,,Possible uses: garage floors.,
Cement - RC 20/25 (20/25 MPa) (0% Fly Ash),qudt:Kilogram,0.86,,,,0.124,0.132,,,,
Cement - RC 20/25 (20/25 MPa) (15% Fly Ash),qudt:Kilogram,0.81,,,,0.114,0.122,,,,
Cement - RC 20/25 (20/25 MPa) (30% Fly Ash),qudt:Kilogram,0.73,,,,0.101,0.108,,,,
Cement - RC 25/30 (25/30 MPa) (0% Fly Ash),qudt:Kilogram,0.91,,,,0.131,0.14,,,Possible uses: reinforced foundations.,
Cement - RC 25/30 (25/30 MPa) (15% Fly Ash),qudt:Kilogram,0.85,,,,0.121,0.13,,,Possible uses: reinforced foundations.,
Cement - RC 25/30 (25/30 MPa) (30% Fly Ash),qudt:Kilogram,0.77,,,,0.107,0.115,,,Possible uses: reinforced foundations.,
Cement - RC 28/35 (28/35 MPa) (0% Fly Ash),qudt:Kilogram,0.95,,,,0.139,0.148,,,Possible uses: reinforced foundations -  ground floors.,
Cement - RC 28/35 (28/35 MPa) (15% Fly Ash),qudt:Kilogram,0.9,,,,0.129,0.138,,,Possible uses: reinforced foundations -  ground floors.,
Cement - RC 28/35 (28/35 MPa) (30% Fly Ash),qudt:Kilogram,0.82,,,,0.116,0.124,,,Possible uses: reinforced foundations -  ground floors.,
Cement - RC 32/40 (32/40 MPa) (0% Fly Ash),qudt:Kilogram,1.03,,,,0.153,0.163,,,Possible uses: structural purposes -  in situ floors -  walls -  superstructure.,
Cement - RC 32/40 (32/40 MPa) (15% Fly Ash),qudt:Kilogram,0.97,,,,0.143,0.152,,,Possible uses: structural purposes -  in situ floors -  walls -  superstructure.,
Cement - RC 32/40 (32/40 MPa) (30% Fly Ash),qudt:Kilogram,0.89,,,,0.128,0.136,,,Possible uses: structural purposes -  in situ floors -  walls -  superstructure.,
Cement - RC 40/50 (40/50 MPa) (0% Fly Ash),qudt:Kilogram,1.17,,,,0.176,0.188,,,Possible uses: high strength applications -  precasting.,
Cement - RC 40/50 (40/50 MPa) (15% Fly Ash),qudt:Kilogram,1.1,,,,0.164,0.174,,,Possible uses: high strength applications -  precasting.,
Cement - RC 40/50 (40/50 MPa) (30% Fly Ash),qudt:Kilogram,0.99,,,,0.146,0.155,,,Possible uses: high strength applications -  precasting.,
Cement - PAV1 (0% Fly Ash),qudt:Kilogram,0.95,,,,0.139,0.148,,,Possible uses: domestic parking and outdoor paving.,
Cement - PAV1 (15% Fly Ash),qudt:Kilogram,0.89,,,,0.129,0.138,,,Possible uses: domestic parking and outdoor paving.,
Cement - PAV1 (30% Fly Ash),qudt:Kilogram,0.81,,,,0.115,0.123,,,Possible uses: domestic parking and outdoor paving.,
Cement - PAV2 (0% Fly Ash),qudt:Kilogram,1.03,,,,0.153,0.163,,,Possible uses: heavy duty outdoor paving.,
Cement - PAV2 (15% Fly Ash),qudt:Kilogram,0.97,,,,0.143,0.152,,,Possible uses: heavy duty outdoor paving.,
Cement - PAV2 (30% Fly Ash),qudt:Kilogram,0.89,,,,0.128,0.137,,,Possible uses: heavy duty outdoor paving.,
Cement - GEN 0 (6/8 MPa) (0% Blast Furnace Slag),qudt:Kilogram,0.55,,,,0.071,0.076,,,Compressive strength designation C6/8 Mpa.  28 day compressive strength under British cube method of 8 MPa -  under European cylinder method 6 MPa. Possible uses: Kerb bedding and backing. Data is only cradle to factory gate but beyond this the average delivery distance of ready mix concrete is 8.3 km by road.,
Cement - GEN 0 (6/8 MPa) (15% Blast Furnace Slag),qudt:Kilogram,0.48,,,,0.056,0.06,,,Compressive strength designation C6/8 Mpa.  28 day compressive strength under British cube method of 8 MPa -  under European cylinder method 6 MPa. Possible uses: Kerb bedding and backing. Data is only cradle to factory gate but beyond this the average delivery distance of ready mix concrete is 8.3 km by road.,
Cement - GEN 0 (6/8 MPa) (30% Blast Furnace Slag),qudt:Kilogram,0.41,,,,0.042,0.045,,,Compressive strength designation C6/8 Mpa.  28 day compressive strength under British cube method of 8 MPa -  under European cylinder method 6 MPa. Possible uses: Kerb bedding and backing. Data is only cradle to factory gate but beyond this the average delivery distance of ready mix concrete is 8.3 km by road.,
Cement - GEN 1 (8/10 MPa) (0% Blast Furnace Slag),qudt:Kilogram,0.7,,,,0.097,0.104,,,Possible uses: mass concrete -  mass fill -  mass foundations -  trench foundations -  blinding -  strip footing.,
Cement - GEN 1 (8/10 MPa) (15% Blast Furnace Slag),qudt:Kilogram,0.6,,,,0.075,0.08,,,Possible uses: mass concrete -  mass fill -  mass foundations -  trench foundations -  blinding -  strip footing.,
Cement - GEN 1 (8/10 MPa) (30% Blast Furnace Slag),qudt:Kilogram,0.5,,,,0.054,0.058,,,Possible uses: mass concrete -  mass fill -  mass foundations -  trench foundations -  blinding -  strip footing.,
Cement - GEN 2 (12/15 MPa) (0% Blast Furnace Slag),qudt:Kilogram,0.76,,,,0.106,0.114,,,,
Cement - GEN 2 (12/15 MPa) (15% Blast Furnace Slag),qudt:Kilogram,0.62,,,,0.082,0.088,,,,
Cement - GEN 2 (12/15 MPa) (30% Blast Furnace Slag),qudt:Kilogram,0.55,,,,0.061,0.065,,,,
Cement - GEN 3 (16/20 MPa) (0% Blast Furnace Slag),qudt:Kilogram,0.81,,,,0.115,0.123,,,Possible uses: garage floors.,
Cement - GEN 3 (16/20 MPa) (15% Blast Furnace Slag),qudt:Kilogram,0.69,,,,0.09,0.096,,,Possible uses: garage floors.,
Cement - GEN 3 (16/20 MPa) (30% Blast Furnace Slag),qudt:Kilogram,0.57,,,,0.065,0.07,,,Possible uses: garage floors.,
Cement - RC 20/25 (20/25 MPa) (0% Blast Furnace Slag),qudt:Kilogram,0.86,,,,0.124,0.132,,,,
Cement - RC 20/25 (20/25 MPa) (15% Blast Furnace Slag),qudt:Kilogram,0.74,,,,0.097,0.104,,,,
Cement - RC 20/25 (20/25 MPa) (30% Blast Furnace Slag),qudt:Kilogram,0.62,,,,0.072,0.077,,,,
Cement - RC 25/30 (25/30 MPa) (0% Blast Furnace Slag),qudt:Kilogram,0.91,,,,0.131,0.14,,,Possible uses: reinforced foundations.,
Cement - RC 25/30 (25/30 MPa) (15% Blast Furnace Slag),qudt:Kilogram,0.78,,,,0.104,0.111,,,Possible uses: reinforced foundations.,
Cement - RC 25/30 (25/30 MPa) (30% Blast Furnace Slag),qudt:Kilogram,0.65,,,,0.076,0.081,,,Possible uses: reinforced foundations.,
Cement - RC 28/35 (28/35 MPa) (0% Blast Furnace Slag),qudt:Kilogram,0.95,,,,0.139,0.148,,,Possible uses: reinforced foundations -  ground floors.,
Cement - RC 28/35 (28/35 MPa) (15% Blast Furnace Slag),qudt:Kilogram,0.83,,,,0.111,0.119,,,Possible uses: reinforced foundations -  ground floors.,
Cement - RC 28/35 (28/35 MPa) (30% Blast Furnace Slag),qudt:Kilogram,0.69,,,,0.082,0.088,,,Possible uses: reinforced foundations -  ground floors.,
Cement - RC 32/40 (32/40 MPa) (0% Blast Furnace Slag),qudt:Kilogram,1.03,,,,0.153,0.163,,,Possible uses: structural purposes -  in situ floors -  walls -  superstructure.,
Cement - RC 32/40 (32/40 MPa) (15% Blast Furnace Slag),qudt:Kilogram,0.91,,,,0.125,0.133,,,Possible uses: structural purposes -  in situ floors -  walls -  superstructure.,
Cement - RC 32/40 (32/40 MPa) (30% Blast Furnace Slag),qudt:Kilogram,0.78,,,,0.094,0.1,,,Possible uses: structural purposes -  in situ floors -  walls -  superstructure.,
Cement - RC 40/50 (40/50 MPa) (0% Blast Furnace Slag),qudt:Kilogram,1.17,,,,0.176,0.188,,,Possible uses: high strength applications -  precasting.,
Cement - RC 40/50 (40/50 MPa) (15% Blast Furnace Slag),qudt:Kilogram,1.03,,,,0.144,0.153,,,Possible uses: high strength applications -  precasting.,
Cement - RC 40/50 (40/50 MPa) (30% Blast Furnace Slag),qudt:Kilogram,0.87,,,,0.108,0.115,,,Possible uses: high strength applications -  precasting.,
Cement - PAV1  (0% Blast Furnace Slag),qudt:Kilogram,0.95,,,,0.139,0.148,,,Possible uses: domestic parking and outdoor paving.,
Cement - PAV1  (15% Blast Furnace Slag),qudt:Kilogram,0.82,,,,0.111,0.118,,,Possible uses: domestic parking and outdoor paving.,
Cement - PAV1  (30% Blast Furnace Slag),qudt:Kilogram,0.7,,,,0.083,0.088,,,Possible uses: domestic parking and outdoor paving.,
Cement - PAV2 (0% Blast Furnace Slag),qudt:Kilogram,1.03,,,,0.153,0.163,,,Possible uses: heavy duty outdoor paving.,
Cement - PAV2 (15% Blast Furnace Slag),qudt:Kilogram,0.91,,,,0.125,0.133,,,Possible uses: heavy duty outdoor paving.,
Cement - PAV2 (30% Blast Furnace Slag),qudt:Kilogram,0.77,,,,0.094,0.1,,,Possible uses: heavy duty outdoor paving.,
EU Copper Tube & Sheet,qudt:Kilogram,42,,,,2.6,2.71,,,EU production data -  estimated from Kupfer Institut LCI data. 37% recycled content (the 3 year world average). World average data is expected to be higher than these values.,
Virgin Copper,qudt:Kilogram,57,,,,3.65,3.81,,,,
Recycled Copper,qudt:Kilogram,16.5,,,,0.8,0.84,,,,
Copper recycled from high grade scrap ,qudt:Kilogram,18,,,,1.1,,,,Uncertain -  difficult to estimate with the data available.,
Copper recycled from low grade scrap ,qudt:Kilogram,50,,,,3.1,,,,,
Primary Glass,qudt:Kilogram,15,,,,0.86,0.91,,,Includes process CO2 emissions from primary glass manufacture.,
Secondary Glass,qudt:Kilogram,11.5,,,,0.55,0.59,,,EE estimated from reference.,115
Fibreglass (Glasswool),qudt:Kilogram,28,,,,1.54,,,,Large data range -  but the selected value is inside a small band of frequently quoted values.,
Toughened,qudt:Kilogram,23.5,,,,1.27,1.35,,,Only three data sources,
General Insulation,qudt:Kilogram,45,,,,1.86,,,,Estimated from typical market shares. Feedstock Energy 16.5 MJ/kg  (Included),
Cellular Glass,qudt:Kilogram,27,,,,,,,,,54
Cellulose ,qudt:Kilogram,2.12,,0.94,3.3,,,,,,
Cork,qudt:Kilogram,4,,,,0.19,,,,,55
Fibreglass (Glasswool),qudt:Kilogram,28,,,,1.35,,,,Poor data difficult to select appropriate value,
Flax (Insulation),qudt:Kilogram,39.5,,,,1.7,,,,5.97 MJ/kg Feedstock Energy  (Included),
Mineral wool,qudt:Kilogram,16.6,,,,1.2,1.28,,,,
Paper wool,qudt:Kilogram,20.17,,,,0.63,,,,,41
Rockwool,qudt:Kilogram,16.8,,,,1.05,1.12,,,Cradle to Grave,
Woodwool (loose),qudt:Kilogram,10.8,,,,,,,,,205
Woodwool (Board),qudt:Kilogram,20,,,,0.98,,,,,55
Wool (Recycled) ,qudt:Kilogram,20.9,,,,,,,,,63-201-202-281
Iron,qudt:Kilogram,25,,,,1.91,2.03,,,It was difficult to estimate the embodied energy and carbon of iron with the data available.,
Lead,qudt:Kilogram,25.21,,,,1.57,1.67,,,Allocated (divided) on a mass basis -  assumes recycling rate of 61%,
Virgin Lead,qudt:Kilogram,49,,,,3.18,3.37,,,,
Recycled Lead,qudt:Kilogram,10,,,,0.54,0.58,,,Scrap batteries are a main feedstock for recycled lead,
Lime,qudt:Kilogram,5.3,,,,0.76,0.78,,,Embodied carbon was difficult to estimate,
Linoleum,qudt:Kilogram,25,,,,1.21,,,,Data difficult to select -  large data range.,
Asbestos,qudt:Kilogram,7.4,,,,,,,,,4
Calcium Silicate Sheet,qudt:Kilogram,2,,,,0.13,,,,,55
Chromium,qudt:Kilogram,83,,,,5.39,,,,,22
Cotton -  Padding,qudt:Kilogram,27.1,,,,1.28,,,,,38
Cotton -  Fabric,qudt:Kilogram,143,,,,6.78,,,,,38
Damp Proof Course/Membrane,qudt:Kilogram,134,,,,4.2,,,,Uncertain estimate.,
Felt General,qudt:Kilogram,36,,,,,,,,,
Flax,qudt:Kilogram,33.5,,,,1.7,,,,,2
Fly Ash,qudt:Kilogram,0.1,,,,0.008,,,,No allocation from fly ash producing system.,
Grit,qudt:Kilogram,0.12,,,,0.01,,,,,114
Ground Limestone,qudt:Kilogram,0.62,,,,0.032,,,,,
Carpet Grout,qudt:Kilogram,30.8,,,,,,,,,169
Glass Reinforced Plastic - GRP - Fibreglass,qudt:Kilogram,100,,,,8.1,,,,,1
Lithium,qudt:Kilogram,853,,,,5.3,,,,,22
Mandolite,qudt:Kilogram,63,,,,1.4,,,,,1
Mineral Fibre Tile (Roofing),qudt:Kilogram,37,,,,2.7,,,,,1
Manganese,qudt:Kilogram,52,,,,3.5,,,,,22
Mercury,qudt:Kilogram,87,,,,4.94,,,,,22
Molybedenum,qudt:Kilogram,378,,,,30.3,,,,,22
Nickel,qudt:Kilogram,164,,,,12.4,,,,,114
Perlite - Expanded,qudt:Kilogram,10,,,,0.52,,,,,114
Perlite - Natural,qudt:Kilogram,0.66,,,,0.03,,,,,114
Quartz powder,qudt:Kilogram,0.85,,,,0.02,,,,,114
Shingle,qudt:Kilogram,11.3,,,,0.3,,,,,70
Silicon,qudt:Kilogram,2355,,,,,,,,,167
Slag (GGBS),qudt:Kilogram,1.6,,,,0.083,,,,Ground Granulated Blast Furnace Slag (GGBS) -  economic allocation.,
Silver,qudt:Kilogram,128.2,,,,6.31,,,,,148
Straw,qudt:Kilogram,0.24,,,,0.01,,,,,63-201-202-281
Terrazzo Tiles,qudt:Kilogram,1.4,,,,0.12,,,,,1
Vanadium,qudt:Kilogram,3710,,,,228,,,,,22
Vermiculite - Expanded,qudt:Kilogram,7.2,,,,0.52,,,,,114
Vermiculite - Natural,qudt:Kilogram,0.72,,,,0.03,,,,,114
Vicuclad,qudt:Kilogram,70,,,,,,,,,1
Water,qudt:Kilogram,0.01,,,,0.001,,,,,
Wax,qudt:Kilogram,52,,,,,,,,,169
Wood stain/Varnish,qudt:Kilogram,50,,,,5.35,,,,,1
Yttrium,qudt:Kilogram,1470,,,,84,,,,,22
Zirconium,qudt:Kilogram,1610,,,,97.2,,,,,22
Paint,qudt:Kilogram,70,,,,2.42,2.91,,,Large variations in data -  especially for embodied carbon. Includes feedstock energy. Water based paints have a 70% market share.  Water based paint has a lower embodied energy than solvent based paint.,
Single Coat of Paint,qudt:SquareMeter,10.5,,,,0.36,0.44,,,Assuming 6.66 qudt:SquareMeter Coverage per kg,
Double Coat of Paint,qudt:SquareMeter,21,,,,0.73,0.87,,,Assuming 3.33 qudt:SquareMeter Coverage per kg,
Triple Coat of Paint,qudt:SquareMeter,31.5,,,,1.09,1.31,,,Assuming 2.22 qudt:SquareMeter Coverage per kg,
Waterborne Paint,qudt:Kilogram,59,,,,2.12,2.54,,,Waterborne paint has a 70% of market share. Includes feedstock energy. ,
Solventborne Paint,qudt:Kilogram,97,,,,3.13,3.76,,,Solventborne paint has a 30% share of the market. Includes feedstock energy.  It was  difficult to estimate carbon emissions for Solventborne paint.,
 Paperboard (General for construction use),qudt:Kilogram,24.8,,,,1.29,,,,Excluding calorific value  of wood -  excludes carbon sequestration/biogenic carbon storage.,
Fine Paper,qudt:Kilogram,28.2,,,,1.49,,,,Excluding CV of wood -  excludes carbon sequestration,
A4 paper,Packet,70.5,,,,3.73,,,,Standard 80g/qudt:SquareMeter printing paper -  500 sheets a pack. Doesn`t include printing.,
Wallpaper,qudt:Kilogram,36.4,,,,1.93,,,,,
Paster (Gypsum),qudt:Kilogram,1.8,,,,0.12,0.13,,,Problems selecting good value -  inconsistent figures -  West et al believe this is because of past aggregation of EE with cement,
Plasterboard,qudt:Kilogram,6.75,,,,0.38,0.39,,,See Ref [WRAP] for further info on GWP data -  including disposal impacts which are significant for Plasterboard.,
Plastic,qudt:Kilogram,80.5,,,,2.73,3.31,,,35.6 MJ/kg Feedstock Energy  (Included). Determined by the average use of each type of plastic used in the European construction industry.,
Acrylonitrile butadiene styrene (ABS),qudt:Kilogram,95.3,,,,3.05,3.76,,,48.6 MJ/kg Feedstock Energy  (Included),
General Polyethylene,qudt:Kilogram,83.1,,,,2.04,2.54,,,54.4 MJ/kg Feedstock Energy  (Included). Based on average consumption of types of polyethylene in European construction,
High Density Polyethylene (HDPE) Resin,qudt:Kilogram,76.7,,,,1.57,1.93,,,54.3 MJ/kg Feedstock Energy  (Included). Doesn’t include the final fabrication.,
HDPE Pipe,qudt:Kilogram,84.4,,,,2.02,2.52,,,55.1 MJ/kg Feedstock Energy  (Included),
Low Density Polyethylene (LDPE) Resin,qudt:Kilogram,78.1,,,,1.69,2.08,,,51.6 MJ/kg Feedstock Energy  (Included). Doesn`t include the final fabrication,
LDPE Film,qudt:Kilogram,89.3,,,,2.13,2.6,,,55.2 MJ/kg Feedstock Energy (Included),
Nylon (Polyamide) 6 Polymer,qudt:Kilogram,120.5,,,,5.47,9.14,,,38.6 MJ/kg Feedstock Energy  (Included). Doesn’t include final fabrication. Plastics Europe state that two thirds of nylon is used as fibres (textiles -  carpets…etc) in Europe and that most of the remainder as injection mouldings. Dinitrogen monoxide and methane emissions are very significant contributors to GWP.,
Nylon (polyamide) 6 - 6 Polymer,qudt:Kilogram,138.6,,,,6.54,7.92,,,50.7 MJ/kg Feedstock Energy  (Included). Doesn’t include final fabrication (i.e. injection moulding). See comments for Nylon 6 polymer.,
Polycarbonate,qudt:Kilogram,112.9,,,,6.03,7.62,,,36.7 MJ/kg Feedstock Energy  (Included). Doesn’t include final fabrication.,
Polypropylene -  Orientated Film,qudt:Kilogram,99.2,,,,2.97,3.43,,,55.7 MJ/kg Feedstock Energy  (Included).,
Polypropylene -  Injection Moulding,qudt:Kilogram,115.1,,,,3.93,4.49,,,54 MJ/kg Feedstock Energy  (Included). If biomass benefits are included the CO2 may reduce to 3.85 kgCO2/kg -  and GWP down to 4.41 kg CO2e/kg.,
Expanded Polystyrene,qudt:Kilogram,88.6,,,,2.55,3.29,,,46.2 MJ/kg Feedstock Energy  (Included),
General Purpose Polystyrene,qudt:Kilogram,86.4,,,,2.71,3.43,,,46.3 MJ/kg Feedstock Energy  (Included),
High Impact Polystyrene,qudt:Kilogram,87.4,,,,2.76,3.42,,,46.4 MJ/kg Feedstock Energy  (Included),
Thermoformed Expanded Polystyrene,qudt:Kilogram,109.2,,,,3.45,4.39,,,49.7 MJ/kg Feedstock Energy  (Included),
Polyurethane Flexible Foam,qudt:Kilogram,102.1,,,,4.06,4.84,,,33.47 MJ/kg Feedstock Energy  (Included). Poor data availability for feedstock energy,
Polyurethane Rigid Foam,qudt:Kilogram,101.5,,,,3.48,4.26,,,37.07 MJ/kg Feedstock Energy  (Included). Poor data availability for feedstock energy,
PVC General,qudt:Kilogram,77.2,,,,2.61,3.1,,,28.1 MJ/kg Feedstock Energy  (Included). Based on market average consumption of types of PVC in the European construction industry,
PVC Pipe,qudt:Kilogram,67.5,,,,2.56,3.23,,,24.4 MJ/kg Feedstock Energy  (Included). If biomass benefits are included the CO2 may reduce to 2.51 kgCO2/kg -  and GWP down to 3.23 kg CO2e/kg.,
Calendered Sheet PVC,qudt:Kilogram,68.6,,,,2.61,3.19,,,24.4 MJ/kg Feedstock Energy  (Included). If biomass benefits are included the CO2 may reduce to 2.56 kgCO2/kg -  and GWP down to 3.15 kg CO2e/kg.,
PVC Injection Moulding,qudt:Kilogram,95.1,,,,2.69,3.3,,,35.1 MJ/kg Feedstock Energy  (Included). If biomass benefits are included the CO2 may reduce to 2.23 kgCO2/kg -  and GWP down to 2.84 kg CO2e/kg.,
UPVC Film,qudt:Kilogram,69.4,,,,2.57,3.16,,,25.3 MJ/kg Feedstock Energy  (Included),
Rubber,qudt:Kilogram,91,,,,2.66,2.85,,,40 MJ/kg Feedstock Energy  (Included),
Sand,qudt:Kilogram,0.081,,,,0.0048,0.0051,,,Estimated from real UK industrial fuel consumption data,
Epoxide Resin,qudt:Kilogram,137,,,,5.7,,,,42.6 MJ/kg Feedstock Energy  (Included). Source: www.plasticseurope.org ,
Mastic Sealant,qudt:Kilogram,131,,,,,,,,,
Melamine Resin,qudt:Kilogram,97,,,,4.19,,,,Feedstock energy 18 MJ/kg - estimated from Reference. ,34
Phenol Formaldehyde,qudt:Kilogram,88,,,,2.98,,,,Feedstock energy 18 MJ/kg - estimated from Reference. ,34
Urea Formaldehyde,qudt:Kilogram,70,,,,2.76,,,,Feedstock energy 18 MJ/kg - estimated from Reference. ,34
Rammed Soil,qudt:Kilogram,0.45,,,,0.023,0.024,,,,
Cement - 5% stabilised soil,qudt:Kilogram,0.68,,,,0.06,0.061,,,Assumed 5% cement content.,
Cement - 8% stabilised soil,qudt:Kilogram,0.83,,,,0.082,0.084,,,Assumed 8% stabiliser content (6% cement and 2% lime).,
GGBS stabilised soil,qudt:Kilogram,0.65,,,,0.045,0.047,,,Assumed 8% stabiliser content (8% GGBS and 2% lime).,
Fly ash stabilised soil,qudt:Kilogram,0.56,,,,0.039,0.041,,,Assumed 10% stabiliser content (8% fly ash and 2% lime).,
Steel - UK  Average Recycled Content,qudt:Kilogram,20.1,,,,1.37,1.46,,,EU 3-average recycled content of 59%. Estimated from UK`s consumption mixture of types of steel (excluding stainless). All data doesn`t include the final cutting of the steel products to the specified dimensions or further fabrication activities. Estimated from World Steel Association (Worldsteel) LCA data.,
Virgin Steel,qudt:Kilogram,35.4,,,,2.71,2.89,,,,
Recycled Steel,qudt:Kilogram,9.4,,,,0.44,0.47,,,Could not collect strong statistics on consumption mix of recycled steel.,
Steel bar & rod - UK  Average Recycled Content,qudt:Kilogram,17.4,,,,1.31,1.4,,, EU 3-average recycled content of 59%,
Virgin Steel bar & rod,qudt:Kilogram,29.2,,,,2.59,2.77,,,,
Recycled Steel bar & rod,qudt:Kilogram,8.8,,,,0.42,0.45,,,,
Steel Coil (Sheet) - UK  Average Recycled Content,qudt:Kilogram,18.8,,,,1.3,1.38,,,Effective recycled content because recycling route is not typical.  EU 3-average recycled content of 59%,
Virgin Steel Coil,qudt:Kilogram,32.8,,,,2.58,2.74,,,,
Steel Coil (Sheet) -  Galvanised - UK  Average Recycled Content,qudt:Kilogram,22.6,,,,1.45,1.54,,,Effective recycled content because recycling route is not typical.  EU 3-average recycled content of 59%,
Virgin Steel Coil (Sheet) -  Galvanized,qudt:Kilogram,40,,,,2.84,3.01,,,,
Engineering steel - Recycled,qudt:Kilogram,13.1,,,,0.68,0.72,,,,
Steel Pipe- UK  Average Recycled Content,qudt:Kilogram,19.8,,,,1.37,1.45,,,Effective recycled content because recycling route is not typical.  EU 3-average recycled content of 59%,
Virgin Steel Pipe,qudt:Kilogram,34.7,,,,2.71,2.87,,,,
Steel Plate- UK  Average Recycled Content,qudt:Kilogram,25.1,,,,1.55,1.66,,,Effective recycled content because recycling route is not typical.  EU 3-average recycled content of 59%,
Virgin Steel Plate,qudt:Kilogram,45.4,,,,3.05,3.27,,,,
Steel Section- UK  Average Recycled Content,qudt:Kilogram,21.5,,,,1.42,1.53,,,,
Virgin Steel Section,qudt:Kilogram,38,,,,2.82,3.03,,,,
Recycled Steel Section,qudt:Kilogram,10,,,,0.44,0.47,,,,
Steel Wire - Virgin,qudt:Kilogram,36,,,,2.83,3.02,,,,
Stainless Steel,qudt:Kilogram,56.7,,,,6.15,,,,World average data from the Institute of Stainless Steel Forum (ISSF) life cycle inventory data. Selected data is for the most popular grade (304). Stainless steel does not have separate primary and recycled material production routes.,
Steel - R.O.W. Avg. Recy. Cont.,qudt:Kilogram,26.2,,,,1.9,2.03,,,Rest of World (non-E.U.) consumption of steel. 3 year average recycled content of 35.5%.,
Steel - World Avg. Recy. Cont.,qudt:Kilogram,25.3,,,,1.82,1.95,,,Whole world 3 year average recycled content of 39%.,
Steel Bar & rod - R.O.W. Avg. Recy. Cont.,qudt:Kilogram,22.3,,,,1.82,1.95,,,Comments above apply. See material profile for further information.,
Steel Bar & rod - World Avg. Recy. Cont.,qudt:Kilogram,21.6,,,,1.74,1.86,,,,
Steel Coil - R.O.W. Avg. Recy. Cont.,qudt:Kilogram,24.4,,,,1.81,1.92,,,,
Steel Coil - World Avg. Recy. Cont.,qudt:Kilogram,23.5,,,,1.74,1.85,,,,
Steel Coil -  Galvanised - R.O.W. Avg. Recy. Cont.,qudt:Kilogram,29.5,,,,2,2.12,,,,
Steel Coil -  Galvanised - World Avg. Recy. Cont.,qudt:Kilogram,28.5,,,,1.92,2.03,,,,
Steel Pipe - R.O.W. Avg. Recy. Cont.,qudt:Kilogram,25.8,,,,1.9,2.01,,,,
Steel Pipe - World Avg. Recy. Cont.,qudt:Kilogram,24.9,,,,1.83,1.94,,,,
Steel Plate - R.O.W. Avg. Recy. Cont.,qudt:Kilogram,33.2,,,,2.15,2.31,,,,
Steel Plate - World Avg. Recy. Cont.,qudt:Kilogram,32,,,,2.06,2.21,,,,
Steel Section - R.O.W. Avg. Recy. Cont.,qudt:Kilogram,28.1,,,,1.97,2.12,,,,
Steel Section - World Avg. Recy. Cont.,qudt:Kilogram,27.1,,,,1.89,2.03,,,,
Stone,qudt:Kilogram,1.26,,,,0.073,0.079,,,ICE database average (statistic) -  uncertain. See material profile.,
Granite,qudt:Kilogram,11,,,,0.64,0.7,,,estimate,116
Limestone,qudt:Kilogram,1.5,,,,0.087,0.09,,,estimate,188
Marble,qudt:Kilogram,2,,,,0.116,0.13,,,,
Marble tile,qudt:Kilogram,3.33,,,,0.192,0.21,,,Ref. 40.,40
Sandstone,qudt:Kilogram,1,,,,0.058,0.06,,,Uncertain estimate,262
Shale,qudt:Kilogram,0.03,,,,0.002,0.002,,,,
Slate,qudt:Kilogram,0.55,,,,0.03,0.04,0.01,0.06,Large data range,
Timber,qudt:Kilogram,10,,,,0.71,0.398,0.31,0.41,Estimated from UK consumption mixture of timber products in 2007 (Timber Trade Federation statistics). Includes 4.3 MJ bio-energy. All values do not include the CV of timber product and exclude carbon storage.,
Glue Laminated timber ,qudt:Kilogram,12,,,,0.84,0.49,0.42,0.45,Includes 4.9 MJ bio-energy.,
Hardboard,qudt:Kilogram,16,,,,1.05,0.435,0.51,0.58,Hardboard is a type of fibreboard with a density above 800 kg/m3. Includes 5.6 MJ bio-energy.,
Laminated Veneer Lumber,qudt:Kilogram,9.5,,,,0.63,0.348,0.32,0.33,Includes 3.5 MJ bio-energy.,150
Medium-density fibreboard (MDF),qudt:Kilogram,11,,,,0.72,0.433,0.35,0.39,Wide density range (350-800 kg/m3). Includes 3.8 MJ bio-energy.,
Oriented Strand Board (OSB) ,qudt:Kilogram,15,,,,0.96,0.463,0.45,0.54,Estimated from References. Includes 5.9 MJ bio-energy.,103-150
Particle Board,qudt:Kilogram,14.5,,,,0.84,0.49,0.32,0.54,Very large data range -  difficult to select appropriate values. Modified from CORRIM reports. Includes 3.2 MJ bio-energy (uncertain estimate).,
Plywood,qudt:Kilogram,15,,,,1.07,0.493,0.45,0.65,Includes 7.1 MJ bio-energy.,
Sawn Hardwood,qudt:Kilogram,10.4,,,,0.86,0.365,0.24,0.63,It was difficult to select values for hardwood -  the data was estimated from the CORRIM studies. Includes 6.3 MJ bio-energy.,88
Sawn Softwood,qudt:Kilogram,7.4,,,,0.58,0.295,0.2,0.39,Includes 4.2 MJ bio-energy.,
Veneer Particleboard (Furniture),qudt:Kilogram,23,,,,,,,,Unknown split of fossil based and biogenic fuels.,
Tin Coated Plate (Steel),qudt:Kilogram,36.95,,19.2,54.7,2,,,,,
Tin,qudt:Kilogram,250,,,,13.5,14.47,,,lack of modern data -  large data range,
Virgin Titanium,qudt:Kilogram,553,,361,745,29.4,31.55,20.6,42.5,lack of modern data -  large data range -  small sample size,
Recycled Titanium,qudt:Kilogram,258,,,,13.7,14.7,,,lack of modern data -  large data range -  small sample size,
Vinyl Flooring,qudt:Kilogram,68.6,,,,2.61,3.19,,,23.58 MJ/kg Feedstock Energy  (Included) -  Same value as PVC calendered sheet. Note: the book version of ICE contains the wrong values. These values are up to date,
Vinyl Composite Tiles (VCT),qudt:Kilogram,13.7,,,,,,,,,94
Zinc,qudt:Kilogram,53.1,,,,2.88,3.09,,,Uncertain carbon estimates -  currently estimated from typical UK industrial fuel mix. Recycled content of general Zinc 30%.,
Virgin Zinc,qudt:Kilogram,72,,,,3.9,4.18,,,,
Recycled Zinc,qudt:Kilogram,9,,,,0.49,0.52,,,,
Monocrystalline PV Modules,qudt:SquareMeter,4750,,2590,8640,242,,,,Embodied carbon estimated from typical UK industrial fuel mix. This is not an ideal method.,
Polycrystalline PV Modules,qudt:SquareMeter,4070,,1945,5660,208,,,,,
Thin Film PV Modules,qudt:SquareMeter,1305,,,1805,67,,,,,
Asphalt road - Hot construction method - 40 yrs of Construction/Maintenance/Operation,qudt:SquareMeter,2509,,,,93,99,,,730 Feedstock Energy  (Included). For more detailed data see reference. (Swedish study). The data in this report was modified to fit within the ICE framework. Includes all sub-base layers to construct a road. Sum of construction -  maintenance -  operation.,147
Asphalt road - Hot construction method - Construction,qudt:SquareMeter,1069,,,,30.9,32.8,,,480 Feedstock Energy  (Included),
Asphalt road - Hot construction method - Maintenance - 40 yrs,qudt:SquareMeter,471,,,,11.6,12.3,,,250 Feedstock Energy  (Included),
Asphalt road - Hot construction method - Operation - 40 yrs,qudt:SquareMeter,969,,,,50.8,54,,,Swedish scenario of typical road operation -  includes street and traffic lights (95% of total energy) -  road clearing -  sweeping -  gritting and snow clearing. ,
Asphalt road - Cold construction method - 40 yrs of Construction/Maintenance/Operation,qudt:SquareMeter,3030,,,,91,97,,,1 - 290 MJ/kg Feedstock Energy  (Included). Sum of construction -  maintenance -  operation.,
Asphalt road - Cold construction method - Construction,qudt:SquareMeter,825,,,,26.5,28.2,,,320 Feedstock Energy  (Included),
Asphalt road - Cold construction method - Maintenance - 40 yrs,qudt:SquareMeter,1556,,,,13.9,14.8,,,970 Feedstock Energy  (Included),
Asphalt road - Cold construction method - Operation - 40 yrs,qudt:SquareMeter,969,,,,50.8,54,,,See hot rolled asphalt.,
Concrete road - 40 yrs of Construction/Maintenance/Operation,qudt:SquareMeter,2084,,,,142,,,,Sum of construction -  maintenance -  operation.,
Concrete road -  Construction,qudt:SquareMeter,885,,,,77,,,,,
Concrete road - Maintenance - 40 yrs,qudt:SquareMeter,230,,,,14.7,,,,,
Concrete road - Operation - 40 yrs,qudt:SquareMeter,969,,,,50.8,,,,Swedish scenario of typical road operation -  includes street and traffic lights (95% of total energy) -  and also road clearing -  sweeping -  gritting and snow clearing. ,
1.2mx1.2m Single Glazed Timber Framed Window,piece,286,,,,14.6,,,,Embodied carbon estimated from typical UK industrial fuel mix,
1.2mx1.2m Double Glazed (Air or Argon Filled) Window,piece,,,,,,,,,Embodied carbon estimated from typical UK industrial fuel mix,
Aluminium Framed Window,piece,5470,,,,279,,,,Embodied carbon estimated from typical UK industrial fuel mix,
PVC Framed Window,piece,2310,,2150,2470,118,,,,Embodied carbon estimated from typical UK industrial fuel mix,
Aluminium-Clad Timber Framed Window,piece,1205,,950,1460,61.5,,,,Embodied carbon estimated from typical UK industrial fuel mix,
Timber Framed Window,piece,360,,230,490,18.5,,,,Embodied carbon estimated from typical UK industrial fuel mix,
1.2mx1.2m Single Glazed Timber Framed Window (Argon-Filled),piece,796,,,,40.6,,,,Embodied carbon estimated from typical UK industrial fuel mix,
1.2mx1.2m Double Glazed (Air or Argon Filled) Window,piece,,,,,,,,,Embodied carbon estimated from typical UK industrial fuel mix,
Aluminium Framed Window (Argon-Filled),piece,5980,,,,279+26,,,,Embodied carbon estimated from typical UK industrial fuel mix,
PVC Framed Window (Argon-Filled),piece,2820,,,,144,,,,Embodied carbon estimated from typical UK industrial fuel mix,
Aluminium-Clad Timber Framed Window (Argon-Filled),piece,1715,,,,87.5,,,,Embodied carbon estimated from typical UK industrial fuel mix,
Timber Framed Window (Argon-Filled),piece,870,,,,44.5,,,,Embodied carbon estimated from typical UK industrial fuel mix,
1.2mx1.2m Single Glazed Timber Framed Window (Xenon-Filled),piece,4786,,,,243.6,,,,Embodied carbon estimated from typical UK industrial fuel mix,
1.2mx1.2m Double Glazed (Air or Argon Filled) Window (Xenon-Filled),piece,,,,,,,,,Embodied carbon estimated from typical UK industrial fuel mix,
Aluminium Framed Window (Xenon-Filled),piece,9970,,,,508,,,,Embodied carbon estimated from typical UK industrial fuel mix,
PVC Framed Window (Xenon-Filled),piece,6810,,2150,2470,347,,,,Embodied carbon estimated from typical UK industrial fuel mix,
Aluminium-Clad Timber Framed Window (Xenon-Filled),piece,5705,,950,1460,290.5,,,,Embodied carbon estimated from typical UK industrial fuel mix,
Timber Framed Window (Xenon-Filled),piece,4860,,230,490,247.5,,,,Embodied carbon estimated from typical UK industrial fuel mix,